nama,label
motorbike_0000.jpg,Motor Gede
motorbike_0002.jpg,Motor Gede
motorbike_0003.jpg,Motor Gede
motorbike_0004.jpg,Motor Gede
motorbike_0005.jpg,Motor Gede
motorbike_0006.jpg,Motor Gede
motorbike_0007.jpg,Motor Gede
motorbike_0008.jpg,Motor Gede
motorbike_0009.jpg,Motor Gede
motorbike_0010.jpg,Motor Gede
motorbike_0011.jpg,Motor Gede
motorbike_0012.jpg,Motor Gede
motorbike_0013.jpg,Motor Gede
motorbike_0015.jpg,Motor Gede
motorbike_0016.jpg,Motor Gede
motorbike_0017.jpg,Motor Gede
motorbike_0018.jpg,Motor Gede
motorbike_0019.jpg,Motor Gede
motorbike_0020.jpg,Motor Gede
motorbike_0021.jpg,Motor Gede
motorbike_0023.jpg,Motor Gede
motorbike_0024.jpg,Motor GP
motorbike_0026.jpg,Motor Tril
motorbike_0028.jpg,Motor GP
motorbike_0030.jpg,Motor GP
motorbike_0033.jpg,Motor GP
motorbike_0035.jpg,Motor Gede
motorbike_0037.jpg,Motor Gede
motorbike_0038.jpg,Motor Tril
motorbike_0039.jpg,Motor Tril
motorbike_0040.jpg,Motor Tril
motorbike_0041.jpg,Motor Tril
motorbike_0042.jpg,Motor Tril
motorbike_0043.jpg,Motor Gede
motorbike_0044.jpg,Motor Gede
motorbike_0046.jpg,Motor Gede
motorbike_0047.jpg,Motor Gede
motorbike_0048.jpg,Motor Gede
motorbike_0050.jpg,Motor Gede
motorbike_0052.jpg,Motor Gede
motorbike_0054.jpg,Motor Tril
motorbike_0056.jpg,Motor Tril
motorbike_0059.jpg,Motor Tril
motorbike_0061.jpg,Motor Tril
motorbike_0062.jpg,Motor Tril
motorbike_0063.jpg,Motor Tril
motorbike_0065.jpg,Motor Tril
motorbike_0067.jpg,Motor GP
motorbike_0068.jpg,Motor Scooter
motorbike_0074.jpg,Motor Scooter
motorbike_0096.jpg,Motor Gede
motorbike_0141.jpg,Motor Gede
motorbike_0142.jpg,Motor Gede
motorbike_0143.jpg,Motor Gede
motorbike_0147.jpg,Motor GP
motorbike_0148.jpg,Motor Gede
motorbike_0172.jpg,Motor Gede
motorbike_0191.jpg,Motor GP
motorbike_0192.jpg,Motor GL Max
motorbike_0200.jpg,Motor GL Max
motorbike_0202.jpg,Motor GL Max
motorbike_0203.jpg,Motor GL Max
motorbike_0204.jpg,Motor GL Max
motorbike_0205.jpg,Motor GL Max
motorbike_0206.jpg,Motor GL Max
motorbike_0207.jpg,Motor GL Max
motorbike_0208.jpg,Motor GL Max
motorbike_0209.jpg,Motor GL Max
motorbike_0234.jpg,Motor GL Max
motorbike_0237.jpg,Motor Gede
motorbike_0241.jpg,Motor GL Max
motorbike_0243.jpg,Motor GL Max
motorbike_0244.jpg,Motor GP
motorbike_0257.jpg,Motor GL Max
motorbike_0261.jpg,Motor GP
motorbike_0272.jpg,Motor GL Max
motorbike_0273.jpg,Motor GL Max
motorbike_0280.jpg,Motor Gede
motorbike_0291.jpg,Motor Gede
motorbike_0297.jpg,Motor Gede
motorbike_0299.jpg,Motor Gede
motorbike_0302.jpg,Motor GL Max
motorbike_0311.jpg,Motor Gede
motorbike_0324.jpg,Motor Gede
motorbike_0325.jpg,Motor Gede
motorbike_0326.jpg,Motor Gede
motorbike_0327.jpg,Motor GL Max
motorbike_0329.jpg,Motor GL Max
motorbike_0330.jpg,Motor GL Max
motorbike_0331.jpg,Motor GL Max
motorbike_0332.jpg,Motor Scooter
motorbike_0333.jpg,Motor GL Max
motorbike_0334.jpg,Motor Scooter
motorbike_0365.jpg,Motor Gede
motorbike_0368.jpg,Motor GP
motorbike_0382.jpg,Motor GL Max
motorbike_0383.jpg,Motor GL Max
motorbike_0384.jpg,Motor GL Max
motorbike_0388.jpg,Motor GP
motorbike_0389.jpg,Motor GP
motorbike_0390.jpg,Motor GP
motorbike_0391.jpg,Motor GP
motorbike_0393.jpg,Motor Gede
motorbike_0396.jpg,Motor Gede
motorbike_0397.jpg,Motor Gede
motorbike_0398.jpg,Motor Gede
motorbike_0399.jpg,Motor GL Max
motorbike_0400.jpg,Motor GL Max
motorbike_0401.jpg,Motor GL Max
motorbike_0402.jpg,Motor GP
motorbike_0403.jpg,Motor GP
motorbike_0404.jpg,Motor GP
motorbike_0405.jpg,Motor GP
motorbike_0406.jpg,Motor GP
motorbike_0407.jpg,Motor GP
motorbike_0408.jpg,Motor GP
motorbike_0409.jpg,Motor GP
motorbike_0410.jpg,Motor GP
motorbike_0411.jpg,Motor GP
motorbike_0412.jpg,Motor Tril
motorbike_0413.jpg,Motor Tril
motorbike_0414.jpg,Motor Tril
motorbike_0415.jpg,Motor Tril
motorbike_0416.jpg,Motor Tril
motorbike_0417.jpg,Motor Tril
motorbike_0418.jpg,Motor Tril
motorbike_0419.jpg,Motor Tril
motorbike_0420.jpg,Motor Tril
motorbike_0421.jpg,Motor Tril
motorbike_0422.jpg,Motor Tril
motorbike_0423.jpg,Motor Tril
motorbike_0424.jpg,Motor GP
motorbike_0425.jpg,Motor GP
motorbike_0426.jpg,Motor GP
motorbike_0427.jpg,Motor GP
motorbike_0428.jpg,Motor GP
motorbike_0429.jpg,Motor GP
motorbike_0430.jpg,Motor GP
motorbike_0431.jpg,Motor GP
motorbike_0432.jpg,Motor GP
motorbike_0433.jpg,Motor GP
motorbike_0434.jpg,Motor GP
motorbike_0435.jpg,Motor GP
motorbike_0436.jpg,Motor GP
motorbike_0437.jpg,Motor GP
motorbike_0438.jpg,Motor Gede
motorbike_0439.jpg,Motor Gede
motorbike_0440.jpg,Motor Gede
motorbike_0441.jpg,Motor GP
motorbike_0442.jpg,Motor GP
motorbike_0443.jpg,Motor GP
motorbike_0444.jpg,Motor Gede
motorbike_0446.jpg,Motor Gede
motorbike_0447.jpg,Motor Gede
motorbike_0448.jpg,Motor Gede
motorbike_0449.jpg,Motor Gede
motorbike_0450.jpg,Motor Gede
motorbike_0451.jpg,Motor Gede
motorbike_0452.jpg,Motor Tril
motorbike_0453.jpg,Motor Tril
motorbike_0454.jpg,Motor Tril
motorbike_0455.jpg,Motor GP
motorbike_0456.jpg,Motor GP
motorbike_0457.jpg,Motor GP
motorbike_0458.jpg,Motor GP
motorbike_0459.jpg,Motor GP
motorbike_0460.jpg,Motor GP
motorbike_0461.jpg,Motor GP
motorbike_0462.jpg,Motor GP
motorbike_0463.jpg,Motor Gede
motorbike_0464.jpg,Motor Gede
motorbike_0465.jpg,Motor Tril
motorbike_0466.jpg,Motor Tril
motorbike_0467.jpg,Motor Tril
motorbike_0468.jpg,Motor Gede
motorbike_0469.jpg,Motor Gede
motorbike_0470.jpg,Motor GP
motorbike_0471.jpg,Motor GP
motorbike_0472.jpg,Motor GP
motorbike_0473.jpg,Motor GP
motorbike_0474.jpg,Motor GP
motorbike_0475.jpg,Motor GP
motorbike_0476.jpg,Motor GP
motorbike_0477.jpg,Motor GP
motorbike_0478.jpg,Motor GP
motorbike_0479.jpg,Motor GP
motorbike_0480.jpg,Motor GP
motorbike_0481.jpg,Motor Gede
motorbike_0482.jpg,Motor Gede
motorbike_0484.jpg,Motor Gede
motorbike_0485.jpg,Motor GP
motorbike_0489.jpg,Motor GL Max
motorbike_0490.jpg,Motor GL Max
motorbike_0491.jpg,Motor GL Max
motorbike_0502.jpg,Motor GP
motorbike_0503.jpg,Motor Gede
motorbike_0508.jpg,Motor Gede
motorbike_0510.jpg,Motor GP
motorbike_0511.jpg,Motor GP
motorbike_0514.jpg,Motor GL Max
motorbike_0515.jpg,Motor Tril
motorbike_0517.jpg,Motor GP
motorbike_0518.jpg,Motor GP
motorbike_0520.jpg,Motor GP
motorbike_0521.jpg,Motor GP
motorbike_0522.jpg,Motor GP
motorbike_0523.jpg,Motor Gede
motorbike_0527.jpg,Motor Gede
motorbike_0529.jpg,Motor Scooter
motorbike_0532.jpg,Motor GP
motorbike_0534.jpg,Motor Tril
motorbike_0535.jpg,Motor Tril
motorbike_0536.jpg,Motor Tril
motorbike_0537.jpg,Motor Tril
motorbike_0538.jpg,Motor Tril
motorbike_0540.jpg,Motor Tril
motorbike_0541.jpg,Motor Tril
motorbike_0542.jpg,Motor Tril
motorbike_0543.jpg,Motor Gede
motorbike_0545.jpg,Motor Gede
motorbike_0546.jpg,Motor Gede
motorbike_0548.jpg,Motor Gede
motorbike_0553.jpg,Motor GP
motorbike_0558.jpg,Motor GL Max
motorbike_0561.jpg,Motor GL Max
motorbike_0562.jpg,Motor GP
motorbike_0566.jpg,Motor GP
motorbike_0567.jpg,Motor GL Max
motorbike_0568.jpg,Motor GL Max
motorbike_0570.jpg,Motor Gede
motorbike_0571.jpg,Motor Tril
motorbike_0572.jpg,Motor GL Max
motorbike_0573.jpg,Motor GL Max
motorbike_0574.jpg,Motor GP
motorbike_0575.jpg,Motor GP
motorbike_0576.jpg,Motor Gede
motorbike_0577.jpg,Motor Tril
motorbike_0578.jpg,Motor GL Max
motorbike_0579.jpg,Motor GP
motorbike_0580.jpg,Motor GP
motorbike_0581.jpg,Motor GP
motorbike_0582.jpg,Motor GL Max
motorbike_0583.jpg,Motor GL Max
motorbike_0584.jpg,Motor GL Max
motorbike_0585.jpg,Motor GL Max
motorbike_0586.jpg,Motor Tril
motorbike_0587.jpg,Motor GP
motorbike_0589.jpg,Motor GP
motorbike_0590.jpg,Motor GL Max
motorbike_0591.jpg,Motor GL Max
motorbike_0592.jpg,Motor Tril
motorbike_0594.jpg,Motor Tril
motorbike_0595.jpg,Motor Tril
motorbike_0599.jpg,Motor Tril
motorbike_0601.jpg,Motor Tril
motorbike_0605.jpg,Motor Tril
motorbike_0606.jpg,Motor Tril
motorbike_0607.jpg,Motor GP
motorbike_0608.jpg,Motor GP
motorbike_0609.jpg,Motor Gede
motorbike_0615.jpg,Motor GP
motorbike_0616.jpg,Motor GP
motorbike_0617.jpg,Motor GP
motorbike_0619.jpg,Motor GP
motorbike_0622.jpg,Motor GP
motorbike_0623.jpg,Motor GP
motorbike_0629.jpg,Motor GL Max
motorbike_0630.jpg,Motor GL Max
motorbike_0631.jpg,Motor GP
motorbike_0632.jpg,Motor GL Max
motorbike_0633.jpg,Motor GP
motorbike_0634.jpg,Motor Tril
motorbike_0637.jpg,Motor Tril
motorbike_0640.jpg,Motor GL Max
motorbike_0646.jpg,Motor Gede
motorbike_0647.jpg,Motor GL Max
motorbike_0648.jpg,Motor GP
motorbike_0649.jpg,Motor Tril
motorbike_0650.jpg,Motor Tril
motorbike_0651.jpg,Motor GL Max
motorbike_0652.jpg,Motor GL Max
motorbike_0653.jpg,Motor GL Max
motorbike_0654.jpg,Motor GL Max
motorbike_0656.jpg,Motor GP
motorbike_0657.jpg,Motor GP
motorbike_0658.jpg,Motor Scooter
motorbike_0659.jpg,Motor GP
motorbike_0665.jpg,Motor GP
motorbike_0666.jpg,Motor GP
motorbike_0667.jpg,Motor GP
motorbike_0669.jpg,Motor GP
motorbike_0676.jpg,Motor GP
motorbike_0678.jpg,Motor Gede
motorbike_0681.jpg,Motor GL Max
motorbike_0683.jpg,Motor GP
motorbike_0684.jpg,Motor GP
motorbike_0685.jpg,Motor GP
motorbike_0686.jpg,Motor GP
motorbike_0687.jpg,Motor GP
motorbike_0688.jpg,Motor GP
motorbike_0689.jpg,Motor GP
motorbike_0690.jpg,Motor GP
motorbike_0691.jpg,Motor GP
motorbike_0692.jpg,Motor GP
motorbike_0693.jpg,Motor GL Max
motorbike_0694.jpg,Motor GL Max
motorbike_0703.jpg,Motor GP
motorbike_0705.jpg,Motor GP
motorbike_0706.jpg,Motor GP
motorbike_0707.jpg,Motor GP
motorbike_0708.jpg,Motor GP
motorbike_0709.jpg,Motor GP
motorbike_0710.jpg,Motor GP
motorbike_0711.jpg,Motor GP
motorbike_0712.jpg,Motor GP
motorbike_0713.jpg,Motor GP
motorbike_0715.jpg,Motor GP
motorbike_0716.jpg,Motor GP
motorbike_0717.jpg,Motor GP
motorbike_0718.jpg,Motor GP
motorbike_0719.jpg,Motor GP
motorbike_0720.jpg,Motor GP
motorbike_0721.jpg,Motor GP
motorbike_0722.jpg,Motor GP
motorbike_0723.jpg,Motor GP
motorbike_0724.jpg,Motor GP
motorbike_0725.jpg,Motor GP
motorbike_0726.jpg,Motor GP
motorbike_0728.jpg,Motor GP
motorbike_0729.jpg,Motor GP
motorbike_0730.jpg,Motor Gede
motorbike_0731.jpg,Motor Gede
motorbike_0732.jpg,Motor Tril
motorbike_0738.jpg,Motor GP
motorbike_0739.jpg,Motor Tril
motorbike_0740.jpg,Motor Tril
motorbike_0742.jpg,Motor Tril
motorbike_0743.jpg,Motor GP
motorbike_0744.jpg,Motor GP
motorbike_0745.jpg,Motor Gede
motorbike_0748.jpg,Motor Gede
motorbike_0749.jpg,Motor Gede
motorbike_0751.jpg,Motor Gede
motorbike_0755.jpg,Motor Gede
motorbike_0756.jpg,Motor Gede
motorbike_0757.jpg,Motor GP
motorbike_0758.jpg,Motor GL Max
motorbike_0760.jpg,Motor GL Max
motorbike_0762.jpg,Motor GL Max
motorbike_0764.jpg,Motor GL Max
motorbike_0765.jpg,Motor GL Max
motorbike_0767.jpg,Motor GL Max
motorbike_0772.jpg,Motor GL Max
motorbike_0773.jpg,Motor GP
motorbike_0774.jpg,Motor Gede
motorbike_0775.jpg,Motor GP
motorbike_0776.jpg,Motor GL Max
motorbike_0777.jpg,Motor GL Max
motorbike_0779.jpg,Motor Gede
motorbike_0780.jpg,Motor Gede
motorbike_0782.jpg,Motor Gede
motorbike_0783.jpg,Motor Gede
motorbike_0784.jpg,Motor Gede
motorbike_0785.jpg,Motor Gede
motorbike_0787.jpg,Motor Gede
axgBfCYijmBakjZfdj2qdvsItnjzkil7367.jpg,Motor Scooter
GFz3DMi6Iai9p7qhoqVBYFfFSoPQJJpq368.jpg,Motor Scooter
ODq8R7mOkxmjcmvqhrrHyXlh9MJm9sdt369.jpg,Motor Scooter
mZfYmixEnfSm3NdRuC2uHBH5rpvncsh0370.jpg,Motor GL Max
Byboxidu3mzAa6JuxhemHyNgx5wt6xtQ371.png,Motor GL Max
7vreIL1kPwk4QctB8p283OVx6okRsSsh372.jpg,Motor Scooter
